Marca,Categoría
12 Parfumeurs Français,Nicho
Afnan,Árabe
Al Haramain,Árabe
Al Wataniah,Árabe
Alexandre J,Nicho
Alfred Ritchy,Nicho
Animale,Diseñador
Antonio Banderas,Diseñador
Arabian Oud,Árabe
Ard Al Zaafaran,Árabe
Armaf,Árabe
Attracione,Árabe
Azzaro,Diseñador
Bharara,Árabe
Billie Eilish,Diseñador
Bois 1920,Nicho
Bond No. 9,Nicho
Britney Spears,Diseñador
Brut,Diseñador
Burberry,Diseñador
Bvlgari,Diseñador
Byredo,Nicho
Cacharel,Diseñador
Calvin Klein,Diseñador
Carolina Herrera,Diseñador
Chabaud Maison de Parfum,Nicho
Chanel,Diseñador
Chloe,Diseñador
Christian Dior,Diseñador
Clinique,Diseñador
Clive Christian,Nicho
Creed,Nicho
D'Hermosa,Árabe
Davidoff,Diseñador
Diesel,Diseñador
Diptyque,Nicho
Dolce & Gabbana,Diseñador
Donna Karan,Diseñador
Elie Saab,Diseñador
Elizabeth Arden,Diseñador
Emper,Árabe
Escada,Diseñador
Essential Parfums,Nicho
Ferragamo,Diseñador
Fragrance World,Árabe
Frederic Malle,Nicho
French Avenue,Nicho
Gabriela Sabatini,Diseñador
Giorgio Armani,Diseñador
Giorgio Beverly Hills,Diseñador
Givenchy,Diseñador
Gres,Diseñador
Gritti,Nicho
Gucci,Diseñador
Guerlain,Diseñador
Guy Laroche,Diseñador
Halloween,Diseñador
Haute Fragrance Company,Nicho
Hermès,Diseñador
Hermes Paris,Diseñador
Hugo Boss,Diseñador
Initio,Nicho
Iscents,Árabe
Issey Miyake,Diseñador
Jacques Bogart,Diseñador
Jean Paul Gaultier,Diseñador
Jimmy Choo,Diseñador
Jo Malone,Nicho
Jo Milano,Nicho
Joop,Diseñador
Juicy Couture,Diseñador
Juliette Has a Gun,Nicho
Kajal,Nicho
Kenzo,Diseñador
Kilian,Nicho
L'Affair,Árabe
Lacoste,Diseñador
Lancome,Diseñador
Lattafa,Árabe
Le Labo,Nicho
Legacy King,Árabe
Lomani,Diseñador
Louis Vuitton,Nicho
Maison Alhambra,Árabe
Maison Asrar,Árabe
Maison Crivelli,Nicho
Maison Francis Kurkdjian,Nicho
Maison Margiela,Diseñador
Mancera Paris,Nicho
Marc Jacobs,Diseñador
Marc-Antoine Barrois,Nicho
Marina De Bourbon,Diseñador
Marquisa Dubai,Árabe
Matière Première,Nicho
Mawwal,Árabe
Michael Kors,Diseñador
Mini Brand Collection,Árabe
Mizensir,Nicho
Modyafa,Árabe
Montale,Nicho
Montblanc,Diseñador
Moschino,Diseñador
Narciso Rodriguez,Diseñador
New Notes,Nicho
Nina Ricci,Diseñador
Nishane,Nicho
Orientica,Árabe
Ormonde Jayne,Nicho
Paco Rabanne,Diseñador
Paloma Picasso,Diseñador
Paradis des Sens,Nicho
Parfums de Marly,Nicho
Paris Corner,Árabe
Prada,Diseñador
Ralph Lauren,Diseñador
Rasasi,Árabe
Rayhaan,Árabe
Roja,Nicho
Rue Broca,Árabe
Sabrina Carpenter,Diseñador
Sarah Jessica Parker,Diseñador
Scentologia,Nicho
Shakira,Diseñador
Smart Collection,Árabe
Sospiro,Nicho
Ted Lapidus Paris,Diseñador
Thameen,Nicho
The House of Oud,Nicho
Thierry Mugler,Diseñador
Thomas Kosmala,Nicho
Thoq Al Hawamer,Árabe
Tiffany & Co,Diseñador
Tiziana Terenzi,Nicho
Tom Ford,Diseñador
Tommy Hilfiger,Diseñador
Tubbees,Árabe
Valentino,Diseñador
Versace,Diseñador
Viktor & Rolf,Diseñador
Xerjoff,Nicho
Yves Saint Laurent,Diseñador
Zakat,Árabe
Zimaya,Árabe
